3,155,1,0.2734560942,1,0,720,0.0141510575622,0,3,0
1,286,0,0.473881999248,1,0,816,0.139135735383,107,1,1
3,523,0,0.323562570462,0,0,914,0.015468569818,0,3,1
1,422,0,0.436302142052,1,0,65,0.103644297456,71,3,1
3,22,1,0.436302142052,0,0,649,0.0157125535691,0,3,0
3,818,1,0.372180103561,0,0,373,0.0165095020936,0,2,0
1,767,1,0.674307904297,0,0,109,0.10122885832,164,3,0
3,914,1,0.0229237128899,3,1,541,0.0411356604308,0,3,0
3,605,0,0.336089189528,0,2,477,0.0217307543665,0,3,1
2,847,0,0.173243141676,1,0,174,0.058694292654,0,1,1
3,1067,0,0.0479769510209,1,1,839,0.0325962291433,185,3,1
1,133,0,0.724414380559,0,0,50,0.0518221487278,63,3,1
3,1070,1,0.248402856069,0,0,733,0.0157125535691,0,3,0
3,38,1,0.486408618314,1,5,459,0.0610447345184,0,3,0
3,1221,0,0.173243141676,0,0,566,0.0153303774214,0,3,0
2,533,0,0.686834523362,0,0,204,0.0312299201373,0,3,1
3,995,1,0.0229237128899,4,1,659,0.0568482139999,0,2,0
2,1271,1,0.372180103561,0,0,201,0.0253743101115,0,3,1
3,1217,0,0.38619566579,1,0,417,0.0351336601544,0,3,0
3,760,0,0.372180103561,0,0,243,0.014102260812,0,1,1
2,423,1,0.436302142052,0,0,182,0.0507486202231,0,3,0
2,112,1,0.423775522986,0,0,203,0.0253743101115,144,3,1
3,778,0,0.185769760742,0,0,379,0.0156719546729,0,2,1
1,1111,1,0.348615808593,0,0,54,0.0692913853046,18,3,1
3,917,0,0.098083427283,3,1,541,0.0411356604308,0,3,0
3,64,0,0.473881999248,1,5,454,0.0612643198943,0,3,1
3,371,1,0.372180103561,0,0,238,0.014102260812,0,1,0
1,404,1,0.235876237004,3,2,123,0.513341812257,81,3,0
3,885,0,0.372180103561,0,0,385,0.0153791741716,0,2,1
3,1186,1,0.372180103561,0,0,499,0.0154115752137,0,3,0
1,1205,1,0.498935237379,0,0,818,0.0541073981339,0,1,0
1,1131,0,0.372180103561,1,0,802,0.285989555153,55,1,1
3,446,0,0.372180103561,0,0,397,0.0151269925665,0,2,1
2,1251,1,0.824627333083,0,0,751,0.0204946350901,0,3,0
1,793,1,0.348615808593,1,0,820,0.160386720101,0,1,0
1,554,1,0.52398847551,1,0,55,0.101497240446,0,3,0
3,750,1,0.372180103561,0,0,272,0.014110458666,0,1,1
3,194,1,0.260929475135,0,0,706,0.0157125535691,0,3,0
3,1214,0,0.223349617938,2,0,418,0.0351336601544,0,3,0
3,862,0,0.173243141676,1,0,245,0.0219423370755,0,1,1
3,12,0,0.498935237379,1,0,695,0.0184939683313,0,3,0
2,1204,0,0.336089189528,1,0,69,0.0409892701802,0,3,0
3,662,1,0.372180103561,0,0,536,0.0154115752137,0,1,0
2,678,0,0.0354503319554,1,2,868,0.0811571934608,0,1,1
3,325,0,0.235876237004,0,0,384,0.0153791741716,0,2,1
3,1015,1,0.372180103561,0,0,840,0.0157125535691,0,3,0
3,698,1,0.372180103561,1,0,637,0.030253985133,0,2,0
3,884,0,0.372180103561,0,0,100,0.0151269925665,0,2,1
3,1065,1,0.372180103561,2,0,256,0.04231498029,0,1,0
3,52,0,0.223349617938,1,0,520,0.0347432861527,0,3,0
3,920,1,0.0855568082175,4,1,335,0.0774648409655,0,3,0
3,871,1,0.260929475135,0,0,718,0.0152245860669,0,3,0
1,500,0,0.611674808969,1,0,803,0.149765424262,130,1,1
2,381,0,0.361142427659,1,0,324,0.0507486202231,0,3,1
1,907,1,0.812100714017,0,1,39,0.120975341636,33,1,0
1,1281,1,0.372180103561,0,0,122,0.0692913853046,93,3,1
2,1031,0,0.260929475135,0,0,758,0.0204946350901,0,3,1
3,873,1,0.354879118126,0,0,292,0.014110458666,0,1,0
2,1247,0,0.0605035700864,1,2,768,0.0541643927381,0,3,1
3,457,1,0.13566328448,5,2,775,0.0915427034024,0,3,0
3,1095,1,0.2734560942,0,0,263,0.014110458666,0,1,0
1,571,0,0.473881999248,0,0,42,0.156149600686,31,0,1
1,504,1,0.561568332707,1,0,630,0.162932348966,106,3,0
3,1101,1,0.0479769510209,3,2,464,0.0544571732394,0,3,0
1,1143,1,0.372180103561,0,0,821,0.0541073981339,0,1,0
3,824,1,0.372180103561,1,1,255,0.0297578197768,0,1,1
2,874,0,0.361142427659,0,0,755,0.0204946350901,182,3,1
3,278,1,0.235876237004,0,0,849,0.015923941091,0,3,0
3,34,0,0.210822998873,4,2,334,0.015468569818,0,3,1
3,652,1,0.323562570462,2,0,363,0.0169080739493,0,3,0
2,587,1,0.398722284855,0,0,762,0.0204946350901,0,3,0
3,459,0,0.198296379807,5,2,775,0.0915427034024,0,3,0
2,558,1,0.260929475135,0,0,847,0.143462445631,0,3,0
3,236,1,0.323562570462,1,0,275,0.028212719478,0,1,0
3,121,1,0.398722284855,0,0,104,0.110272457631,0,3,1
3,809,1,0.311035951397,0,0,481,0.0149318055656,180,3,0
3,1134,1,0.372180103561,0,0,491,0.0154115752137,0,3,0
3,828,1,0.372180103561,0,0,650,0.0157125535691,0,3,0
2,184,1,0.00826756858324,0,2,211,0.0566042302488,0,3,1
3,343,0,0.373669046724,0,0,593,0.024349578357,0,3,1
3,1223,1,0.2734560942,0,0,420,0.0175668300772,0,3,0
3,1081,1,0.361142427659,0,0,430,0.0185427650815,0,3,1
3,774,0,0.372180103561,0,0,382,0.0152001876918,0,2,1
1,205,1,0.348615808593,0,0,35,0.0919330774041,0,3,0
2,572,0,0.210822998873,0,0,871,0.0204946350901,0,3,1
3,77,0,0.411248903921,3,0,333,0.030937139636,0,3,1
3,398,1,0.198296379807,1,3,924,0.067095531545,0,3,0
3,1110,1,0.372180103561,0,0,894,0.0157125535691,0,3,0
1,403,0,0.285982713266,3,2,123,0.513341812257,81,3,1
3,218,1,0.298509332331,0,0,411,0.0157125535691,0,3,0
3,233,1,0.361142427659,0,0,412,0.0157125535691,0,3,0
3,42,1,0.248402856069,0,0,471,0.0153303774214,0,3,0
1,219,1,0.574094951773,1,0,926,0.119405647775,155,3,0
3,317,1,0.323562570462,1,2,750,0.0401597254265,0,3,0
3,276,1,0.736940999624,0,0,589,0.0141510575622,0,3,0
3,1085,1,0.372180103561,0,0,652,0.0157125535691,0,3,0
1,449,1,0.88726042841,0,0,830,0.0676404936513,17,1,0
1,469,1,0.285982713266,0,1,835,0.123667165565,119,1,1
2,337,0,0.423775522986,0,1,149,0.0448930101973,0,3,1
2,620,1,0.423775522986,1,0,199,0.0507486202231,0,3,0
3,958,0,0.348615808593,0,0,528,0.0154115752137,0,3,0
3,960,1,0.372180103561,0,0,498,0.0154115752137,0,3,0
1,1254,1,0.260929475135,0,1,574,0.150855153288,127,3,0
3,597,1,0.411248903921,0,0,693,0.0168918734283,0,3,0
3,475,1,0.461355380183,2,0,331,0.015468569818,0,3,0
3,804,1,0.348615808593,0,0,490,0.0154115752137,0,3,0
3,1060,0,0.260929475135,0,0,409,0.0149318055656,0,3,1
3,823,1,0.372180103561,0,0,341,0.0151757893167,0,3,1
3,985,1,0.473881999248,0,0,532,0.0154115752137,0,3,0
3,816,0,0.372180103561,1,0,646,0.0471376607072,0,2,1
1,974,1,0.586621570838,0,0,2,0.101497240446,67,3,0
3,1291,0,0.179506451209,1,0,259,0.028212719478,0,1,0
3,95,1,0.2734560942,0,0,370,0.0157125535691,0,3,0
3,615,0,0.248402856069,1,0,674,0.0191771228343,0,3,0
3,70,0,0.210822998873,0,0,235,0.0282207221451,0,1,0
3,943,1,0.260929475135,0,0,910,0.015468569818,0,3,0
3,262,1,0.880997118878,0,0,635,0.0151269925665,0,2,0
2,1203,1,0.361142427659,1,0,69,0.0409892701802,0,3,0
1,98,1,0.298509332331,0,1,800,0.48312842602,49,1,0
3,33,0,0.0229237128899,4,2,459,0.0610447345184,0,3,0
2,536,1,0.260929475135,2,0,847,0.143462445631,0,3,0
3,815,1,0.372180103561,0,0,738,0.0157125535691,0,3,0
2,846,1,0.404985594388,1,0,174,0.058694292654,0,1,0
2,1237,0,0.404985594388,0,0,297,0.0253743101115,149,3,1
1,1253,1,0.674307904297,0,1,574,0.150855153288,127,3,0
3,861,1,0.148189903545,1,0,245,0.0219423370755,0,1,1
3,781,1,0.372180103561,0,0,638,0.0151269925665,0,2,0
3,738,1,0.298509332331,0,0,742,0.0139396700403,0,3,1
3,954,0,0.372180103561,1,1,262,0.0436404952128,178,1,1
3,364,1,0.561568332707,0,0,438,0.0136142933098,0,3,0
3,347,1,0.411248903921,0,0,524,0.0154115752137,0,1,0
3,244,1,0.248402856069,0,0,876,0.0137606835605,0,3,0
3,1012,0,0.586621570838,1,0,735,0.0283021151244,0,3,0
2,1241,0,0.361142427659,1,0,143,0.0507486202231,0,3,1
2,1123,1,0.311035951397,0,0,754,0.0253743101115,0,3,0
2,998,1,0.285982713266,0,0,859,0.0293674457751,0,1,0
1,858,0,0.235876237004,0,2,71,0.0513015849965,140,3,1
1,421,1,0.461355380183,1,0,65,0.103644297456,71,3,0
3,904,1,0.198296379807,0,0,691,0.0179898003081,0,3,0
1,436,1,0.298509332331,0,0,810,0.15458810468,59,1,0
3,140,0,0.372180103561,0,2,273,0.0297578197768,0,1,0
3,875,0,0.2734560942,0,0,458,0.0151269925665,0,3,1
3,483,0,0.298509332331,1,0,913,0.030937139636,0,3,1
3,170,1,0.235876237004,0,0,602,0.0131751225579,0,2,0
2,43,1,0.223349617938,0,0,150,0.0224465050987,0,3,0
2,859,1,0.235876237004,1,1,763,0.0717312228153,0,3,0
3,39,1,0.336089189528,0,0,553,0.0152163882129,0,3,1
3,395,0,0.110610046348,2,2,924,0.067095531545,0,3,0
2,852,1,0.45509207065,0,2,145,0.0507486202231,181,3,0
2,176,1,0.52398847551,0,0,194,0.0253743101115,0,3,0
2,96,1,0.6367280471,0,0,848,0.0244471718575,0,3,0
1,940,0,0.2734560942,1,0,46,0.129994542571,79,3,1
3,790,1,0.693097832895,0,0,709,0.0157125535691,0,3,0
3,1305,1,0.505198546912,0,2,736,0.0283021151244,0,3,0
3,895,1,0.372180103561,0,0,786,0.0142730494377,0,3,0
1,1270,1,0.6367280471,0,1,814,0.119804219631,0,1,0
3,444,0,0.198296379807,0,0,575,0.0150943963374,0,2,1
3,270,1,0.373669046724,0,0,896,0.0157125535691,0,3,0
3,1113,1,0.372180103561,0,0,345,0.0169080739493,0,3,0
3,1047,1,0.372180103561,8,2,778,0.135752559097,0,3,0
3,280,1,0.549041713641,0,1,647,0.0314251071381,0,3,0
2,1236,0,0.498935237379,0,0,764,0.0307419526351,0,3,1
3,114,1,0.323562570462,0,0,445,0.0151757893167,0,3,0
3,187,1,0.210822998873,0,0,357,0.0169080739493,0,3,0
3,919,1,0.0103970938244,4,1,335,0.0774648409655,0,3,0
3,450,1,0.110610046348,0,2,583,0.0400621319261,0,3,1
1,230,0,0.372180103561,0,1,38,0.107352850472,156,3,1
3,1106,0,0.561568332707,1,4,464,0.0544571732394,0,3,0
1,97,1,0.372180103561,0,0,790,0.0506022299724,0,3,0
3,716,1,0.348615808593,0,0,104,0.110272457631,0,3,0
1,1209,1,0.761994237755,0,0,8,0.0653876452874,26,3,0
3,993,1,0.0479769510209,4,1,659,0.0568482139999,0,2,0
3,601,0,0.0103970938244,1,1,477,0.0217307543665,0,3,1
3,1098,1,0.260929475135,0,0,902,0.015468569818,0,3,0
1,1115,1,0.699361142428,0,0,115,0.0599142114094,19,1,0
3,659,1,0.223349617938,1,1,564,0.0153303774214,0,3,0
3,687,1,0.372180103561,3,1,671,0.0497076879475,0,3,0
1,576,0,0.624201428035,0,0,812,0.0560430676214,90,1,0
2,484,1,0.373669046724,0,0,225,0.0253743101115,0,3,0
3,699,1,0.448828761117,0,0,787,0.0,0,3,0
3,1050,0,0.372180103561,8,2,778,0.135752559097,0,3,0
2,949,1,0.372180103561,0,0,858,0.0293756436291,0,1,0
3,58,1,0.110610046348,4,2,454,0.0612643198943,0,3,0
2,106,1,0.0103970938244,2,1,146,0.0761229303346,184,3,1
3,653,0,0.0479769510209,0,2,365,0.042989936939,0,3,1
1,1018,1,0.372180103561,0,0,44,0.097593500429,14,3,0
3,879,0,0.372180103561,1,0,633,0.030253985133,0,2,1
1,1016,1,0.561568332707,0,0,14,0.0518221487278,0,3,1
3,142,1,0.498935237379,1,1,596,0.030253985133,0,2,0
3,1200,1,0.448828761117,0,0,530,0.0154115752137,0,3,0
2,968,0,0.398722284855,0,0,156,0.0253743101115,0,3,1
2,197,1,0.235876237004,0,0,310,0.0253743101115,0,3,0
3,29,0,0.235876237004,1,0,555,0.0153303774214,0,3,1
2,851,1,0.0354503319554,1,1,145,0.0507486202231,181,3,1
1,162,0,0.549041713641,0,0,826,0.0541073981339,39,1,1
1,732,0,0.724414380559,0,0,802,0.285989555153,57,1,1
3,791,1,0.372180103561,0,0,624,0.0151269925665,0,2,0
3,894,1,0.52398847551,0,1,677,0.0164039059261,0,3,0
3,736,0,0.372180103561,0,0,636,0.0151269925665,0,2,1
2,1290,0,0.298509332331,0,0,215,0.0253743101115,0,3,0
3,1211,1,0.348615808593,0,0,423,0.0185427650815,0,3,0
3,1054,1,0.372180103561,8,2,778,0.135752559097,0,3,0
3,594,1,0.423775522986,0,0,327,0.0126789572017,0,3,0
3,1287,1,0.56783164224,0,0,236,0.014102260812,0,1,0
3,245,1,0.223349617938,0,0,728,0.0157125535691,0,3,1
3,1153,0,0.0229237128899,0,1,436,0.0204214399648,185,3,0
3,76,1,0.398722284855,1,0,333,0.030937139636,0,3,0
3,15,1,0.323562570462,0,0,294,0.0366707577862,0,1,1
3,203,0,0.198296379807,0,0,613,0.0151269925665,0,2,1
1,131,1,0.498935237379,0,0,21,0.060507970266,13,1,1
3,19,1,0.298509332331,0,0,880,0.0137606835605,0,3,0
2,189,0,0.436302142052,0,0,781,0.0409892701802,0,3,1
3,948,1,0.2734560942,0,0,723,0.0141510575622,0,3,0
2,445,1,0.373669046724,0,0,218,0.0253743101115,0,3,0
3,647,1,0.372180103561,1,0,611,0.0151269925665,0,2,0
1,855,0,0.38619566579,1,0,573,0.221098075222,133,1,1
3,557,0,0.336089189528,0,0,915,0.015468569818,0,3,1
2,579,1,0.52398847551,1,0,189,0.0527004902317,0,3,0
1,100,0,0.398722284855,0,0,81,0.148911481134,121,1,1
2,505,1,0.373669046724,0,0,927,0.0204946350901,0,3,0
3,1155,1,0.198296379807,0,0,895,0.0157125535691,0,3,1
2,148,1,0.336089189528,0,0,136,0.0253743101115,0,3,0
3,467,1,0.6367280471,0,0,133,0.0157125535691,0,3,0
3,853,1,0.372180103561,0,0,517,0.0154115752137,0,3,0
1,564,1,0.473881999248,1,0,121,0.175668300772,114,3,1
3,116,1,0.2734560942,0,0,838,0.0182499845802,0,3,0
2,789,1,0.235876237004,0,0,918,0.0204946350901,0,3,1
3,727,1,0.254666165602,0,0,722,0.0141510575622,0,3,0
2,377,1,0.223349617938,0,0,160,0.0253743101115,0,3,0
3,690,0,0.372180103561,3,1,671,0.0497076879475,0,3,0
1,506,0,0.436302142052,1,0,630,0.162932348966,106,3,1
3,682,1,0.361142427659,0,0,444,0.0151757893167,0,3,0
2,1100,1,0.736940999624,0,0,167,0.0263502451158,0,3,0
3,61,0,0.0605035700864,4,2,454,0.0612643198943,0,3,1
2,704,1,0.298509332331,0,0,756,0.0204946350901,0,3,0
3,496,0,0.372180103561,0,0,925,0.0147366185648,0,3,0
2,550,1,0.549041713641,1,0,265,0.0507486202231,0,3,0
2,253,0,0.098083427283,0,2,761,0.0512365877252,0,3,1
2,947,1,0.235876237004,0,0,314,0.0204946350901,0,3,0
2,568,1,0.411248903921,0,0,870,0.0239592043553,0,3,0
3,1292,0,0.372180103561,1,0,259,0.028212719478,0,1,0
3,833,0,0.372180103561,1,0,612,0.030253985133,0,2,1
2,249,1,0.361142427659,0,0,921,0.0204946350901,0,3,0
3,739,1,0.2734560942,0,0,901,0.0139070738111,0,3,0
3,71,1,0.373669046724,0,0,289,0.014102260812,0,1,0
1,799,1,0.549041713641,2,0,120,0.175668300772,103,2,0
3,706,0,0.311035951397,0,0,448,0.0151757893167,0,3,0
2,486,0,0.298509332331,0,2,221,0.0283021151244,0,3,1
1,110,1,0.461355380183,1,1,70,0.102578966805,132,3,1
2,212,1,0.674307904297,1,0,191,0.0507486202231,0,3,0
3,983,1,0.372180103561,0,0,581,0.0141510575622,0,3,0
3,1154,0,0.361142427659,1,1,436,0.0204214399648,185,3,0
1,1139,1,0.774520856821,0,0,41,0.0518221487278,109,3,0
3,719,1,0.373669046724,1,0,734,0.0314251071381,0,3,0
3,1021,0,0.511461856445,0,2,632,0.0394521725484,0,3,0
3,1195,0,0.361142427659,0,2,244,0.0297578197768,0,1,1
1,1181,0,0.372180103561,0,0,806,0.15458810468,0,1,1
1,228,0,0.373669046724,0,0,0,0.168836755742,54,3,1
1,1226,0,0.436302142052,0,0,831,1.0,0,1,1
2,928,0,0.624201428035,0,1,147,0.0507486202231,0,3,1
3,1118,1,0.372180103561,0,0,664,0.0151269925665,0,2,0
3,59,1,0.0354503319554,4,2,454,0.0612643198943,0,3,1
1,1166,1,0.649254666166,1,1,1,0.155466446183,171,3,0
1,507,1,0.498935237379,0,0,20,0.0,60,3,0
3,528,0,0.372180103561,0,0,656,0.0151269925665,0,2,0
2,984,1,0.448828761117,0,0,748,0.0204946350901,0,3,0
3,922,1,0.198296379807,4,1,335,0.0774648409655,0,3,0
3,951,1,0.311035951397,1,0,460,0.0151757893167,0,3,1
1,466,0,0.724414380559,0,1,805,0.299538851192,73,3,1
1,127,0,0.436302142052,0,0,836,0.264738570435,117,3,1
1,182,1,0.372180103561,0,0,62,0.060507970266,0,3,0
3,1191,1,0.311035951397,0,0,787,0.0,0,3,1
2,788,0,0.511461856445,0,1,217,0.0380614651673,0,3,1
1,848,1,0.461355380183,0,1,813,0.0579705392548,70,1,0
3,519,0,0.372180103561,0,0,641,0.0151269925665,0,2,1
1,45,0,0.787047475886,1,0,92,0.15216446769,146,3,1
3,707,0,0.561568332707,0,0,450,0.0151269925665,0,3,0
2,926,1,0.372180103561,0,0,178,0.0,0,3,0
3,994,1,0.0855568082175,4,1,659,0.0568482139999,0,2,0
3,3,0,0.436302142052,1,1,753,0.0395253676738,0,3,1
3,351,1,0.812100714017,0,0,399,0.0151269925665,0,2,0
3,897,1,0.348615808593,0,0,469,0.0153303774214,0,3,0
3,1300,1,0.198296379807,0,0,429,0.0185427650815,0,3,0
3,339,1,0.235876237004,0,0,731,0.0157125535691,0,3,1
1,1117,1,0.372180103561,0,0,34,0.0507486202231,6,3,0
3,1135,1,0.411248903921,0,0,522,0.0169080739493,0,1,0
3,1299,1,0.373669046724,0,0,426,0.0185427650815,0,3,1
3,838,1,0.2734560942,0,0,489,0.0154115752137,0,3,0
2,560,1,0.52398847551,0,0,176,0.0253743101115,0,3,1
3,261,0,0.2734560942,0,0,639,0.0151269925665,0,2,1
1,92,0,0.323562570462,0,0,118,0.153904950177,0,3,1
1,126,0,0.235876237004,1,0,82,0.177774758885,43,1,1
2,702,1,0.448828761117,0,0,869,0.0251303263605,118,1,0
3,478,0,0.298509332331,0,0,519,0.0172740495759,0,3,0
3,802,1,0.298509332331,0,0,516,0.0154115752137,0,3,0
1,703,1,0.372180103561,0,0,828,0.0541073981339,0,1,0
3,488,1,0.292246022798,0,0,288,0.014110458666,0,1,0
1,24,0,0.0229237128899,1,2,49,0.2958058998,80,3,0
1,1043,1,0.372180103561,0,0,126,0.0595320352617,66,3,1
1,99,0,0.624201428035,0,1,800,0.48312842602,49,1,1
3,636,0,0.372180103561,0,0,704,0.0151269925665,0,2,1
3,771,1,0.372180103561,2,0,608,0.0453809776995,0,2,1
3,604,1,0.235876237004,0,0,787,0.0,0,3,0
2,631,0,0.372180103561,0,0,141,0.024105594606,149,2,1
3,1272,1,0.372180103561,0,0,725,0.0157125535691,0,3,0
1,23,1,0.00939496429914,1,2,49,0.2958058998,80,3,1
1,387,0,0.372180103561,0,0,107,0.216429787722,0,1,1
1,946,0,0.210822998873,1,0,834,0.212558643934,99,1,1
2,6,1,0.373669046724,1,0,789,0.0468448802059,0,1,0
1,409,0,0.373669046724,0,0,798,0.111118398092,158,1,1
1,515,0,0.298509332331,0,0,75,0.162314191735,95,1,1
1,1036,0,0.223349617938,2,2,824,0.512121893501,48,1,1
2,667,0,0.323562570462,1,1,223,0.0507486202231,0,3,0
3,526,1,0.348615808593,0,0,526,0.0154115752137,0,3,0
2,509,1,0.536515094576,1,1,782,0.0512365877252,0,3,0
3,866,0,0.323562570462,0,0,475,0.0153303774214,0,3,1
2,621,0,0.298509332331,1,0,199,0.0507486202231,0,3,1
2,819,1,0.674307904297,0,0,316,0.0273261801201,0,3,0
1,1256,0,0.38619566579,0,2,626,0.321798367144,101,3,1
1,1129,0,0.498935237379,1,1,105,0.262526516154,157,1,1
3,323,1,0.2734560942,0,0,721,0.0141510575622,0,3,0
3,300,1,0.336089189528,0,0,502,0.0154115752137,0,3,0
2,1108,0,0.373669046724,0,0,158,0.024105594606,0,2,1
2,186,0,0.2734560942,1,1,211,0.0566042302488,0,3,1
3,1055,1,0.372180103561,8,2,778,0.135752559097,0,3,0
1,1286,0,0.448828761117,0,0,836,0.264738570435,85,1,1
3,876,1,0.761994237755,0,0,413,0.0121747891785,0,3,0
2,87,0,0.448828761117,0,0,312,0.0253743101115,118,3,1
3,453,0,0.38619566579,1,1,583,0.0400621319261,0,3,1
1,540,0,0.198296379807,0,1,10,0.113167861601,25,1,1
3,769,0,0.372180103561,2,0,608,0.0453809776995,0,2,1
1,929,1,0.56783164224,0,0,28,0.0556282952445,72,3,0
1,465,1,0.473881999248,0,1,805,0.299538851192,112,3,0
3,1216,1,0.198296379807,2,0,418,0.0351336601544,0,3,0
1,414,0,0.372180103561,1,0,827,0.260867426647,0,3,1
3,322,1,0.372180103561,0,0,508,0.0154115752137,0,3,0
1,939,1,0.361142427659,1,0,46,0.129994542571,79,3,0
1,171,0,0.511461856445,0,0,105,0.262526516154,161,1,1
3,289,1,0.561568332707,0,0,699,0.0157125535691,0,3,1
1,130,1,0.561568332707,0,0,51,0.0692913853046,186,3,0
2,850,1,0.0229237128899,1,1,145,0.0507486202231,181,3,1
1,401,0,0.298509332331,3,2,123,0.513341812257,81,3,1
2,250,1,0.348615808593,0,0,212,0.0253743101115,0,3,0
2,1076,1,0.311035951397,0,0,198,0.0253743101115,0,3,0
2,408,1,0.448828761117,0,0,144,0.0253743101115,0,3,0
2,159,0,0.298509332331,0,0,209,0.0253743101115,182,3,1
2,1114,0,0.498935237379,0,0,344,0.0253743101115,0,3,1
3,313,0,0.372180103561,1,0,665,0.0314251071381,0,3,1
3,274,1,0.0354503319554,1,1,769,0.0310347331364,0,3,1
3,330,1,0.52398847551,0,0,352,0.0169080739493,0,3,0
3,889,1,0.285982713266,0,0,690,0.0180060008292,0,3,0
1,1275,1,0.372180103561,0,0,40,0.0683154503003,75,3,0
3,368,1,0.185769760742,1,1,290,0.014110458666,0,1,0
3,51,1,0.311035951397,1,0,520,0.0347432861527,0,3,0
3,1288,1,0.372180103561,0,0,241,0.014102260812,0,1,0
3,1212,1,0.348615808593,0,0,433,0.0185427650815,0,3,0
1,147,0,0.2734560942,0,1,38,0.107352850472,156,3,1
2,420,0,0.473881999248,0,0,171,0.0253743101115,0,3,0
3,777,0,0.372180103561,0,0,381,0.0153791741716,0,2,1
3,808,0,0.372180103561,0,0,391,0.0153791741716,0,2,1
3,1105,1,0.498935237379,1,4,464,0.0544571732394,0,3,0
2,1301,1,0.361142427659,1,0,866,0.0541073981339,0,1,0
3,91,0,0.561568332707,0,1,286,0.028212719478,0,1,0
3,56,1,0.436302142052,0,0,879,0.0137606835605,0,3,0
3,877,1,0.372180103561,1,0,633,0.030253985133,0,2,0
3,10,1,0.373669046724,0,0,745,0.0141510575622,0,3,0
1,1233,0,0.74946761869,1,0,6,0.146878218146,134,1,1
3,827,0,0.372180103561,0,0,234,0.014110458666,0,1,1
3,591,0,0.372180103561,0,0,102,0.0151269925665,0,2,1
1,72,0,0.298509332331,0,0,795,0.135264591595,34,1,1
1,494,1,0.311035951397,1,0,74,0.108214991455,166,1,1
3,1263,1,0.223349617938,1,0,330,0.0126789572017,0,3,0
3,105,1,0.235876237004,0,0,369,0.0157125535691,0,3,0
1,1004,1,0.2734560942,0,0,836,0.264738570435,0,1,0
3,916,0,0.0354503319554,3,1,541,0.0411356604308,0,3,0
1,794,0,0.372180103561,1,0,820,0.160386720101,0,1,1
3,674,0,0.2734560942,0,0,746,0.0141510575622,0,3,1
1,1261,1,0.336089189528,0,2,37,0.412820506815,105,1,0
3,119,1,0.248402856069,0,0,242,0.00783187840943,0,1,0
3,477,1,0.235876237004,0,0,446,0.0151757893167,0,3,0
1,120,0,0.52398847551,0,0,833,0.444099223702,0,1,1
3,840,0,0.0103970938244,0,2,247,0.0307257521141,0,1,1
3,1184,1,0.398722284855,0,0,909,0.015468569818,0,3,0
1,555,0,0.436302142052,1,0,55,0.101497240446,0,3,1
3,969,1,0.372180103561,0,0,510,0.0154115752137,0,3,0
2,306,1,0.223349617938,0,0,847,0.143462445631,0,3,0
3,456,1,0.0103970938244,5,2,775,0.0915427034024,0,3,0
2,173,0,0.448828761117,0,0,298,0.0253743101115,0,3,1
3,1044,1,0.372180103561,0,0,615,0.0150863936703,0,2,0
2,692,0,0.210822998873,0,0,852,0.023422440103,0,1,1
1,209,1,0.448828761117,1,2,43,0.23422440103,61,3,1
3,582,1,0.260929475135,0,0,549,0.0152163882129,0,3,1
3,476,1,0.348615808593,2,0,332,0.015468569818,0,3,0
1,856,0,0.285982713266,1,0,573,0.221098075222,133,1,1
3,1068,0,0.298509332331,0,2,839,0.0325962291433,185,3,1
3,596,1,0.2734560942,0,0,559,0.0152163882129,0,3,0
3,896,0,0.38619566579,0,0,567,0.0153303774214,0,3,0
2,780,1,0.574094951773,0,0,308,0.0507486202231,0,3,0
2,912,1,0.285982713266,0,0,193,0.0204946350901,0,3,0
2,1197,0,0.348615808593,0,0,186,0.0246911556085,0,3,1
3,869,1,0.486408618314,0,0,906,0.015468569818,0,3,1
3,11,1,0.323562570462,0,0,402,0.0157125535691,0,3,0
3,616,0,0.260929475135,1,0,675,0.0191771228343,0,3,0
3,482,1,0.348615808593,1,0,913,0.030937139636,0,3,0
3,902,0,0.248402856069,0,0,360,0.0169080739493,0,3,0
2,425,1,0.423775522986,1,0,313,0.0409892701802,0,3,0
3,1259,1,0.6367280471,0,0,441,0.0151269925665,0,3,0
2,1000,1,0.0354503319554,1,1,321,0.0365975626609,0,3,1
3,123,1,0.260929475135,0,0,342,0.0151757893167,0,3,0
3,688,0,0.372180103561,3,1,671,0.0497076879475,0,3,0
3,1075,1,0.372180103561,0,0,505,0.0154115752137,0,3,0
3,510,1,0.372180103561,0,0,670,0.0133865100798,0,2,0
1,800,0,0.411248903921,1,0,120,0.175668300772,103,2,1
2,287,1,0.372180103561,0,0,178,0.0,0,3,0
3,1156,1,0.549041713641,0,0,898,0.015468569818,0,3,1
3,786,0,0.372180103561,0,0,408,0.0157125535691,0,3,0
2,350,0,0.423775522986,1,1,305,0.0634357752789,0,3,1
2,1087,0,0.223349617938,0,2,224,0.0253743101115,0,3,1
2,762,1,0.373669046724,0,0,307,0.0253743101115,0,3,0
3,1206,0,0.123136665414,0,2,425,0.0471376607072,0,3,0
3,433,1,0.372180103561,0,0,537,0.0154115752137,0,1,0
3,226,1,0.260929475135,0,0,732,0.0150943963374,0,2,0
3,1295,1,0.361142427659,0,0,346,0.0153709763176,0,3,0
3,297,0,0.348615808593,1,1,457,0.0281069281236,0,3,0
3,1020,1,0.223349617938,1,1,632,0.0394521725484,0,3,0
3,1279,1,0.372180103561,0,0,717,0.0141510575622,0,3,0
2,241,0,0.348615808593,1,0,128,0.0507486202231,0,3,1
2,965,0,0.235876237004,0,0,226,0.0507486202231,0,3,1
3,388,1,0.372180103561,0,0,598,0.0151269925665,0,2,0
3,967,1,0.398722284855,0,0,884,0.0157125535691,148,3,1
1,129,1,0.348615808593,0,0,5,0.0518221487278,93,3,1
3,1183,0,0.372180103561,1,0,654,0.0314251071381,0,3,1
2,726,0,0.52398847551,1,0,856,0.0507486202231,0,3,1
3,618,1,0.210822998873,0,0,900,0.0139070738111,0,3,0
1,1089,1,0.624201428035,1,0,93,0.10910953348,162,3,0
1,208,0,0.173243141676,1,2,43,0.23422440103,61,3,1
3,394,0,0.260929475135,2,2,924,0.067095531545,0,3,0
2,1001,0,0.298509332331,2,3,321,0.0365975626609,0,3,1
1,405,1,0.799574094952,1,4,123,0.513341812257,81,3,0
2,665,1,0.38619566579,0,0,749,0.0204946350901,0,3,0
2,511,0,0.561568332707,1,1,782,0.0512365877252,0,3,1
3,487,1,0.248402856069,0,0,422,0.0185427650815,0,3,0
3,961,1,0.311035951397,1,0,453,0.0151757893167,0,3,0
2,989,0,0.348615808593,0,0,148,0.0253743101115,0,3,1
3,593,1,0.372180103561,0,0,683,0.0158345454446,0,3,1
1,333,1,0.0479769510209,0,2,398,0.159776760723,15,3,1
2,787,0,0.160716522611,0,1,217,0.0380614651673,0,3,1
1,1078,1,0.423775522986,0,0,59,0.0518221487278,0,3,1
3,80,0,0.0605035700864,2,1,260,0.0375896981862,0,1,1
1,963,1,0.649254666166,0,0,52,0.0595320352617,64,3,1
2,1248,1,0.448828761117,1,2,768,0.0541643927381,0,3,0
3,480,1,0.372180103561,1,0,680,0.0389724029003,0,3,0
1,400,1,0.373669046724,0,0,31,0.0541643927381,68,1,0
1,447,1,0.611674808969,1,0,108,0.173919815619,113,1,1
3,942,1,0.372180103561,0,0,726,0.0157125535691,0,3,0
3,581,1,0.361142427659,0,0,523,0.0154115752137,0,1,1
1,797,1,0.812100714017,0,0,95,0.0518221487278,159,3,0
1,643,0,0.372180103561,1,0,110,0.10122885832,125,3,1
2,1188,0,0.624201428035,0,0,783,0.0204946350901,0,3,1
3,881,1,0.372180103561,0,0,644,0.0151269925665,0,2,0
1,30,1,0.599148189904,0,0,124,0.0518221487278,150,3,1
3,821,1,0.423775522986,0,0,590,0.0157125535691,0,3,0
1,431,1,0.586621570838,0,0,9,0.0751469953303,170,3,0
2,798,1,0.599148189904,0,0,155,0.0253743101115,0,3,0
3,744,1,0.372180103561,0,0,737,0.0157125535691,0,3,0
3,454,1,0.473881999248,0,0,875,0.0137606835605,0,3,0
2,190,1,0.372180103561,0,0,178,0.0,0,3,0
1,1112,1,0.699361142428,0,0,58,0.0518221487278,0,3,0
3,1072,1,0.372180103561,0,0,580,0.0150781958163,0,2,0
3,79,0,0.007265439058,2,1,260,0.0375896981862,0,1,1
3,634,1,0.372180103561,0,0,368,0.0141510575622,0,3,0
3,181,1,0.473881999248,0,0,353,0.0169080739493,0,3,0
2,1249,0,0.411248903921,1,2,768,0.0541643927381,0,3,1
2,592,0,0.285982713266,0,0,857,0.0269196055973,118,1,1
3,1148,0,0.2734560942,0,0,698,0.0192015212094,0,3,0
1,243,1,0.372180103561,0,0,2,0.101497240446,3,3,0
2,986,1,0.423775522986,1,0,339,0.0409892701802,0,3,0
3,154,1,0.361142427659,1,0,434,0.0137524857065,0,3,0
3,625,1,0.2734560942,0,0,562,0.0146796239605,0,3,0
3,542,0,0.0229237128899,0,1,338,0.0239836027304,0,3,1
3,455,1,0.110610046348,5,2,775,0.0915427034024,0,3,0
2,418,1,0.372180103561,0,0,179,0.0,0,3,0
3,1029,1,0.624201428035,0,0,729,0.0157125535691,0,3,0
3,1202,0,0.787047475886,0,0,672,0.0187135537073,0,3,1
1,125,1,0.311035951397,1,0,82,0.177774758885,43,1,1
3,689,0,0.372180103561,3,1,671,0.0497076879475,0,3,0
1,566,0,0.436302142052,1,0,121,0.175668300772,114,3,1
1,641,1,0.724414380559,0,0,78,0.0579705392548,36,1,0
3,1125,1,0.373669046724,0,0,710,0.0157125535691,0,3,0
3,273,1,0.110610046348,1,1,769,0.0310347331364,0,3,1
3,481,1,0.372180103561,1,0,681,0.0389724029003,0,3,0
3,1277,1,0.260929475135,0,0,890,0.0141510575622,0,3,0
1,810,1,0.686834523362,0,0,53,0.0595320352617,83,3,0
1,54,1,0.88726042841,0,0,825,0.0966257632788,0,1,0
3,1137,1,0.260929475135,0,0,713,0.0157125535691,0,3,0
3,1289,1,0.372180103561,0,0,235,0.0282207221451,0,1,0
1,374,0,0.674307904297,1,0,627,0.152766424401,124,1,1
3,1082,1,0.372180103561,0,0,773,0.0294732371296,0,3,0
1,26,0,0.311035951397,1,2,49,0.2958058998,80,3,0
3,1161,1,0.298509332331,0,0,550,0.0152163882129,0,3,0
3,188,1,0.210822998873,0,0,350,0.0169080739493,0,3,0
3,191,0,0.260929475135,0,0,594,0.0151269925665,0,2,0
3,888,0,0.372180103561,0,0,374,0.0148912066695,0,2,0
3,669,0,0.461355380183,0,0,673,0.0187135537073,0,3,0
1,743,0,0.198296379807,0,0,0,0.168836755742,56,3,1
1,945,1,0.223349617938,1,0,834,0.212558643934,99,1,0
2,979,0,0.411248903921,0,2,239,0.0507486202231,0,3,1
1,150,1,0.372180103561,0,0,13,0.0518221487278,0,3,1
3,893,1,0.348615808593,0,0,743,0.0439658719433,0,3,0
3,676,1,0.323562570462,0,0,104,0.110272457631,0,3,1
3,293,1,0.361142427659,0,0,658,0.0151269925665,0,2,1
3,1238,1,0.372180103561,0,0,889,0.0157125535691,0,3,0
1,776,1,0.448828761117,0,0,791,0.0513097828506,154,3,1
1,1028,0,0.674307904297,1,0,819,0.11594107851,0,1,1
3,248,1,0.298509332331,0,0,492,0.0146308272103,0,3,0
1,1225,1,0.586621570838,0,0,629,0.0664041791879,139,3,0
2,696,0,0.423775522986,0,0,766,0.0204946350901,182,3,1
3,1034,1,0.372180103561,0,0,646,0.0471376607072,0,2,0
2,49,0,0.448828761117,1,0,142,0.0507486202231,0,3,1
3,933,1,0.398722284855,0,0,525,0.0154115752137,0,3,0
1,950,0,0.373669046724,0,0,86,0.182499845802,53,3,1
3,1222,1,0.2734560942,0,0,535,0.0154115752137,0,3,0
3,666,1,0.372180103561,0,0,232,0.014102260812,0,1,0
1,541,0,0.549041713641,0,1,10,0.113167861601,25,1,1
3,629,1,0.372180103561,0,0,295,0.014110458666,0,1,0
3,378,1,0.505198546912,0,0,614,0.0151269925665,0,2,0
2,1002,0,0.624201428035,0,0,919,0.0204946350901,0,3,1
1,379,1,0.372180103561,0,0,797,0.432884169007,115,3,0
3,1062,1,0.486408618314,0,0,336,0.015468569818,0,3,0
2,545,1,0.285982713266,2,1,319,0.0224465050987,0,3,0
2,977,0,0.0229237128899,1,1,239,0.0507486202231,0,3,1
3,1192,1,0.372180103561,0,0,240,0.014110458666,0,1,0
3,367,1,0.210822998873,1,1,285,0.014110458666,0,1,0
3,955,0,0.372180103561,0,2,262,0.0436404952128,0,1,1
3,179,0,0.373669046724,0,0,348,0.0169080739493,0,3,0
2,508,0,0.0855568082175,0,2,782,0.0512365877252,0,3,1
1,175,1,0.561568332707,0,0,30,0.0518221487278,37,3,0
1,684,0,0.373669046724,0,0,837,0.207727765663,0,1,1
3,1007,1,0.372180103561,0,0,587,0.0283021151244,0,3,0
1,415,0,0.2734560942,0,2,97,0.0966175654247,38,1,1
1,282,0,0.448828761117,0,2,928,0.138582770609,28,3,1
3,36,0,0.110610046348,4,2,459,0.0610447345184,0,3,0
3,37,0,0.13566328448,4,2,459,0.0610447345184,0,3,0
2,101,1,0.398722284855,1,0,317,0.0507486202231,0,3,1
1,340,1,0.624201428035,1,0,837,0.207727765663,108,1,0
1,860,1,0.799574094952,0,0,686,0.0507486202231,0,3,0
2,102,0,0.235876237004,1,0,317,0.0507486202231,0,3,1
2,911,1,0.372180103561,0,0,860,0.0270577979939,0,1,1
3,451,1,0.411248903921,1,1,583,0.0400621319261,0,3,0
2,304,1,0.098083427283,1,1,763,0.0717312228153,0,3,1
1,1172,1,0.210822998873,0,2,107,0.216429787722,102,1,1
2,1079,1,0.336089189528,0,0,196,0.0507486202231,0,3,0
3,878,1,0.372180103561,0,0,390,0.0152815806712,0,2,0
3,686,1,0.2734560942,0,0,228,0.014102260812,0,1,1
3,890,0,0.2734560942,0,0,461,0.0151757893167,0,3,1
1,1283,1,0.774520856821,0,0,68,0.0518221487278,0,3,0
1,352,0,0.599148189904,1,0,73,0.0772940523398,4,1,1
1,1009,1,0.372180103561,0,0,833,0.444099223702,0,1,0
1,1167,0,0.486408618314,1,1,1,0.155466446183,171,3,1
3,1298,0,0.448828761117,1,0,416,0.0339625381493,0,3,1
3,822,1,0.372180103561,0,0,648,0.0151269925665,0,2,0
3,1097,1,0.498935237379,0,0,534,0.0154115752137,0,3,0
2,870,1,0.348615808593,0,0,134,0.0263502451158,0,3,0
3,1091,1,0.372180103561,0,0,892,0.0157125535691,0,3,0
3,785,0,0.372180103561,0,0,885,0.0157125535691,0,3,0
3,305,1,0.298509332331,2,0,714,0.0471376607072,0,3,0
3,1147,1,0.235876237004,0,0,488,0.0154115752137,0,3,0
3,918,0,0.361142427659,0,4,541,0.0411356604308,0,3,0
3,335,1,0.372180103561,0,0,281,0.014110458666,0,1,0
3,612,1,0.398722284855,0,0,572,0.0153303774214,0,3,1
2,503,1,0.774520856821,0,0,850,0.0204946350901,0,3,1
1,50,0,0.661781285231,2,0,76,0.100480706546,62,3,1
1,390,1,0.448828761117,0,0,792,0.0515049698514,154,3,1
3,637,0,0.372180103561,0,0,101,0.0151269925665,0,2,1
3,1032,1,0.198296379807,0,0,716,0.0157125535691,0,3,0
3,931,1,0.235876237004,0,0,577,0.0283021151244,0,3,0
2,428,0,0.423775522986,0,0,190,0.0253743101115,0,3,1
1,1090,0,0.486408618314,1,0,93,0.10910953348,162,3,1
3,196,0,0.372180103561,1,0,284,0.0282207221451,0,1,0
3,617,1,0.398722284855,0,0,904,0.015468569818,0,3,1
2,234,0,0.311035951397,1,1,175,0.0585561002574,0,3,1
1,1173,0,0.486408618314,1,1,107,0.216429787722,100,1,1
2,344,1,0.674307904297,0,0,308,0.0507486202231,0,3,0
1,1024,1,0.448828761117,0,0,87,0.0783187840943,1,1,0
3,932,1,0.372180103561,0,0,401,0.0170056674498,0,1,0
1,1165,0,0.223349617938,0,2,1,0.155466446183,172,3,1
2,584,1,0.586621570838,0,0,168,0.0292780501287,0,3,0
1,416,1,0.74946761869,1,1,96,0.15458810468,40,1,1
3,441,1,0.2734560942,0,0,103,0.0157125535691,0,3,0
3,832,1,0.372180103561,0,0,707,0.0157125535691,0,3,0
3,1005,1,0.436302142052,0,0,899,0.0139070738111,0,3,0
1,1142,0,0.649254666166,1,0,627,0.152766424401,124,1,1
3,369,1,0.586621570838,0,0,730,0.0141510575622,0,3,0
3,141,0,0.372180103561,0,2,595,0.0151269925665,0,2,0
2,224,1,0.461355380183,1,0,855,0.0507486202231,0,3,0
3,1207,1,0.448828761117,1,1,425,0.0471376607072,0,3,0
2,694,0,0.372180103561,0,0,207,0.0644117102832,0,3,1
3,602,1,0.611674808969,0,0,787,0.0,0,3,0
3,139,1,0.372180103561,0,0,258,0.014102260812,0,1,0
1,353,1,0.611674808969,1,0,798,0.111118398092,7,1,1
2,580,0,0.298509332331,2,1,189,0.0527004902317,0,3,1
3,1107,1,0.372180103561,0,0,497,0.0154115752137,0,3,0
1,502,1,0.372180103561,0,0,61,0.0827592883638,0,3,0
3,1189,1,0.549041713641,0,0,591,0.0157125535691,0,3,0
1,556,1,0.436302142052,0,0,12,0.0518221487278,0,1,1
3,709,1,0.448828761117,1,0,542,0.0303515786334,0,3,0
3,622,1,0.373669046724,0,0,529,0.0154115752137,0,3,0
1,298,1,0.336089189528,0,0,66,0.0595320352617,0,3,1
2,680,0,0.2734560942,1,2,868,0.0811571934608,0,1,1
1,1086,0,0.498935237379,0,0,805,0.299538851192,73,3,1
3,41,0,0.486408618314,1,5,459,0.0610447345184,0,3,0
3,583,1,0.372180103561,0,0,874,0.0137606835605,0,3,0
3,834,0,0.372180103561,1,0,612,0.030253985133,0,2,1
3,559,1,0.372180103561,0,0,643,0.0151269925665,0,2,0
3,158,1,0.436302142052,0,0,592,0.0157125535691,0,3,0
2,529,0,0.298509332331,1,2,138,0.126871550558,0,3,1
3,296,1,0.423775522986,1,1,457,0.0281069281236,0,3,0
3,720,0,0.323562570462,1,0,734,0.0314251071381,0,3,0
2,107,0,0.0479769510209,2,1,146,0.0761229303346,184,3,1
2,430,1,0.323562570462,0,0,340,0.0204946350901,0,3,0
3,1284,1,0.336089189528,1,0,253,0.028212719478,0,1,0
1,649,1,0.52398847551,1,0,72,0.102578966805,123,3,1
3,841,1,0.248402856069,1,1,247,0.0307257521141,0,1,1
3,491,1,0.260929475135,0,0,547,0.0153303774214,0,3,0
3,145,1,0.260929475135,0,0,678,0.0314251071381,0,3,0
1,1158,1,0.761994237755,0,0,628,0.0630860001733,143,3,0
2,656,1,0.711887761493,0,0,135,0.024105594606,0,2,0
1,723,0,0.260929475135,0,0,92,0.15216446769,147,3,1
3,135,1,0.323562570462,0,0,507,0.0154115752137,0,3,0
3,880,1,0.372180103561,0,0,392,0.0150943963374,0,2,0
1,93,1,1.0,0,0,296,0.0585561002574,9,3,1
3,729,1,0.6367280471,0,0,478,0.0137688814145,0,3,0
1,1133,1,0.398722284855,0,0,90,0.0595320352617,45,1,1
1,927,1,0.372180103561,0,0,17,0.0,0,3,0
3,1103,0,0.110610046348,3,2,464,0.0544571732394,0,3,0
2,311,0,0.348615808593,0,0,169,0.0253743101115,0,3,1
3,693,1,0.398722284855,0,0,908,0.015468569818,0,3,0
2,254,1,0.38619566579,1,1,761,0.0512365877252,0,3,0
3,924,0,0.511461856445,0,5,335,0.0774648409655,0,3,0
3,1182,1,0.372180103561,1,0,654,0.0314251071381,0,3,0
3,588,1,0.248402856069,0,0,558,0.0153303774214,0,3,0
1,1058,0,0.298509332331,0,0,795,0.135264591595,34,1,1
3,1104,0,0.0229237128899,3,2,464,0.0544571732394,0,3,0
3,393,1,0.372180103561,0,0,104,0.110272457631,0,3,1
3,78,0,0.007265439058,2,1,260,0.0375896981862,0,1,1
1,499,1,0.599148189904,1,0,803,0.149765424262,130,1,1
3,267,1,0.235876237004,0,0,514,0.0154115752137,0,3,0
1,1092,1,0.699361142428,0,0,89,0.0692913853046,11,1,1
3,1269,1,0.372180103561,0,0,845,0.0147366185648,0,3,0
3,1136,0,0.285982713266,0,0,777,0.0147366185648,0,3,1
3,806,1,0.372180103561,0,0,504,0.0154115752137,0,3,0
2,336,0,0.223349617938,0,1,149,0.0448930101973,0,3,1
3,619,1,0.260929475135,0,0,702,0.0164607053434,0,3,0
3,887,0,0.372180103561,0,0,377,0.0152815806712,0,2,1
3,522,0,0.223349617938,0,0,603,0.0131751225579,0,2,0
2,534,1,0.298509332331,2,0,847,0.143462445631,0,3,0
3,980,1,0.372180103561,0,0,506,0.0154115752137,0,3,0
3,143,0,0.398722284855,1,1,596,0.030253985133,0,2,0
2,362,1,0.285982713266,0,0,326,0.0253743101115,0,3,0
1,857,1,0.724414380559,0,2,573,0.221098075222,141,1,0
1,412,1,0.624201428035,2,0,827,0.260867426647,0,3,1
3,83,1,0.498935237379,0,0,231,0.014102260812,0,1,0
1,252,1,0.586621570838,0,0,679,0.0499434738446,168,3,0
3,247,1,0.448828761117,0,0,493,0.0146308272103,0,3,0
3,711,1,0.248402856069,1,0,903,0.015468569818,0,3,1
2,535,1,0.398722284855,2,0,847,0.143462445631,0,3,0
2,174,1,0.311035951397,0,0,157,0.0253743101115,0,3,0
3,1017,1,0.372180103561,0,0,343,0.0151757893167,0,3,0
3,263,1,0.536515094576,0,0,727,0.0157125535691,0,3,0
1,1169,0,0.372180103561,1,0,127,0.101497240446,74,3,1
2,164,0,0.498935237379,1,1,325,0.0761229303346,0,3,1
1,302,1,0.38619566579,1,0,779,0.101497240446,52,3,0
2,805,1,0.874733809345,0,0,752,0.0204946350901,0,3,0
2,1265,1,0.38619566579,0,0,192,0.0253743101115,0,3,1
2,1234,1,0.372180103561,0,0,181,0.0,0,3,0
3,361,1,0.223349617938,0,0,544,0.0151757893167,0,3,0
3,1071,1,0.304772641864,0,0,407,0.0157125535691,0,3,0
3,1201,0,0.223349617938,0,0,676,0.0192097190634,0,3,1
3,462,0,0.536515094576,1,6,775,0.0915427034024,0,3,0
1,198,1,0.448828761117,0,1,831,1.0,46,1,1
3,956,0,0.372180103561,0,0,383,0.0158833421948,0,2,0
1,512,1,0.336089189528,0,0,803,0.149765424262,142,1,1
3,899,1,0.248402856069,0,0,684,0.0180060008292,0,3,0
3,460,1,0.173243141676,5,2,775,0.0915427034024,0,3,0
2,161,1,0.74946761869,1,1,325,0.0761229303346,0,3,0
2,679,1,0.311035951397,1,2,868,0.0811571934608,0,1,0
3,923,1,0.173243141676,4,1,335,0.0774648409655,0,3,0
3,291,1,0.235876237004,0,0,511,0.0198520794833,0,3,0
3,384,1,0.223349617938,0,0,551,0.0152163882129,0,3,0
1,737,0,0.185769760742,0,1,187,0.412503327938,44,3,1
1,327,1,0.38619566579,1,0,113,0.111256590489,27,3,1
3,627,0,0.0479769510209,0,1,539,0.0261876543441,0,1,1
3,671,1,0.372180103561,0,0,104,0.110272457631,0,3,1
3,1041,1,0.311035951397,0,0,267,0.014102260812,0,1,0
1,1239,1,0.74946761869,0,0,63,0.0518221487278,0,3,0
2,223,1,0.649254666166,0,0,208,0.0263502451158,0,3,0
3,638,1,0.549041713641,0,0,585,0.0157125535691,0,3,0
3,830,0,0.372180103561,0,0,576,0.0150943963374,0,2,1
1,1171,1,0.611674808969,1,1,107,0.216429787722,100,1,0
3,567,1,0.52398847551,0,0,479,0.0149318055656,179,3,0
1,69,0,0.223349617938,1,0,833,0.444099223702,98,1,1
1,1088,1,0.436302142052,0,0,793,0.0513097828506,153,3,1
3,90,0,0.223349617938,0,1,286,0.028212719478,0,1,0
3,426,1,0.311035951397,0,0,620,0.0151107920454,0,2,0
3,490,1,0.323562570462,1,0,545,0.0153303774214,0,3,0
2,820,1,0.486408618314,0,0,226,0.0507486202231,0,3,0
2,639,0,0.561568332707,0,0,140,0.0263502451158,0,3,1
1,183,1,0.52398847551,0,0,794,0.0513097828506,153,3,1
1,242,0,0.2734560942,0,0,49,0.2958058998,0,3,1
3,825,1,0.372180103561,1,1,255,0.0297578197768,0,1,1
1,764,0,0.298509332331,0,0,796,0.0966257632788,111,1,1
1,657,1,0.372180103561,0,0,26,0.0518221487278,72,3,0
1,1168,1,0.599148189904,1,0,127,0.101497240446,74,3,1
3,681,1,0.361142427659,0,0,694,0.0185101688524,0,3,0
2,468,1,0.649254666166,0,0,219,0.0253743101115,0,3,0
3,1124,1,0.235876237004,0,0,482,0.0149318055656,180,3,0
1,373,0,0.473881999248,0,0,833,0.444099223702,87,1,1
2,1198,0,0.336089189528,0,0,403,0.0204946350901,149,3,1
3,775,1,0.372180103561,0,0,606,0.030253985133,0,2,0
3,603,1,0.411248903921,0,0,439,0.0151757893167,0,3,0
2,498,0,0.0730301891519,0,1,207,0.0644117102832,0,3,1
3,590,1,0.210822998873,1,0,557,0.0137688814145,0,3,0
2,443,1,0.423775522986,0,0,84,0.0253743101115,0,3,0
2,548,1,0.624201428035,0,0,216,0.0253743101115,0,3,0
1,221,1,0.336089189528,1,0,67,0.103644297456,174,3,1
3,903,1,0.248402856069,0,0,358,0.0169080739493,0,3,0
2,987,0,0.373669046724,3,0,339,0.0409892701802,0,3,1
3,753,0,0.372180103561,0,0,622,0.0151025941914,0,2,1
2,166,1,0.311035951397,1,0,162,0.0507486202231,0,3,0
3,575,0,0.311035951397,1,0,912,0.015468569818,0,3,0
1,21,0,0.361142427659,0,0,187,0.412503327938,44,3,1
3,513,1,0.13566328448,0,0,294,0.0366707577862,0,1,0
2,661,1,0.372180103561,0,0,180,0.0,0,3,0
2,117,1,0.285982713266,0,0,311,0.0253743101115,0,3,0
2,1196,1,0.285982713266,0,0,152,0.0253743101115,0,3,0
3,1273,1,0.354879118126,0,0,678,0.0314251071381,0,3,0
3,399,0,0.599148189904,1,3,924,0.067095531545,0,3,0
1,701,1,0.436302142052,0,0,831,1.0,22,1,1
3,578,1,0.372180103561,0,0,484,0.0154115752137,0,3,0
3,844,1,0.372180103561,0,0,501,0.0154115752137,0,3,0
1,514,1,0.372180103561,0,0,106,0.0585561002574,138,3,1
1,216,1,0.448828761117,1,0,118,0.153904950177,88,3,0
1,1037,0,0.260929475135,2,2,824,0.512121893501,48,1,1
3,782,1,0.298509332331,1,0,655,0.0314251071381,0,3,0
3,1149,1,0.38619566579,0,0,905,0.015468569818,0,3,1
1,281,1,0.874733809345,1,1,928,0.138582770609,28,3,0
3,2,1,0.198296379807,1,1,753,0.0395253676738,0,3,0
2,1094,0,0.373669046724,0,0,220,0.0253743101115,0,3,1
1,758,1,0.235876237004,1,0,45,0.103644297456,129,3,0
3,260,1,0.38619566579,0,0,395,0.0151269925665,0,2,0
2,1243,0,0.0479769510209,1,1,318,0.0448930101973,0,3,1
3,812,1,0.0730301891519,0,1,669,0.024349578357,151,3,1
3,1210,1,0.411248903921,0,0,431,0.0185427650815,0,3,0
3,611,1,0.285982713266,0,0,487,0.0154115752137,0,3,0
2,532,0,0.599148189904,1,2,138,0.126871550558,0,3,1
2,485,1,0.00626330953276,1,1,221,0.0283021151244,0,3,1
3,200,1,0.348615808593,0,0,552,0.0152163882129,0,3,0
2,84,1,0.223349617938,0,0,323,0.0224465050987,0,3,0
3,1174,1,0.423775522986,0,0,584,0.0157125535691,0,3,0
1,1026,0,0.411248903921,0,0,0,0.168836755742,54,3,1
3,427,1,0.372180103561,0,0,577,0.0283021151244,0,3,0
3,868,1,0.511461856445,0,0,886,0.0139070738111,0,3,0
3,89,1,0.248402856069,0,0,257,0.014110458666,0,1,1
1,211,0,0.448828761117,1,2,43,0.23422440103,61,3,1
3,363,1,0.198296379807,0,0,451,0.0151757893167,0,3,0
1,549,0,0.6367280471,1,0,92,0.15216446769,120,3,1
1,156,1,0.372180103561,0,0,24,0.0772940523398,0,1,0
3,751,0,0.379932356257,0,0,597,0.0151269925665,0,2,0
3,817,1,0.372180103561,1,0,646,0.0471376607072,0,2,0
3,471,1,0.398722284855,0,0,701,0.0163225129468,0,3,0
3,705,1,0.298509332331,0,0,432,0.0185427650815,0,3,0
3,589,1,0.599148189904,0,0,556,0.0153303774214,0,3,0
2,735,0,0.711887761493,0,0,844,0.0204946350901,173,3,0
3,365,1,0.372180103561,0,0,269,0.014102260812,0,1,0
2,547,0,0.674307904297,1,3,320,0.0448930101973,0,3,1
3,836,1,0.223349617938,0,0,455,0.0151269925665,0,3,0
3,1185,1,0.372180103561,0,0,661,0.0151269925665,183,2,0
3,370,0,0.0605035700864,0,0,593,0.024349578357,0,3,1
3,648,1,0.372180103561,0,0,621,0.0151025941914,0,2,0
1,1010,0,0.536515094576,0,1,187,0.412503327938,32,3,1
3,74,0,0.160716522611,0,0,282,0.014110458666,0,1,1
1,328,0,0.210822998873,1,0,113,0.111256590489,27,3,1
1,722,1,0.361142427659,0,0,36,0.0585561002574,145,3,0
3,608,1,0.372180103561,1,2,923,0.0457713517012,0,3,0
3,20,1,0.311035951397,0,0,881,0.0137606835605,0,3,0
3,497,1,0.311035951397,0,0,651,0.0141510575622,0,3,0
3,1099,0,0.223349617938,0,0,328,0.0146308272103,0,3,1
3,996,1,0.098083427283,4,1,659,0.0568482139999,0,2,0
3,315,1,0.0103970938244,1,2,750,0.0401597254265,0,3,1
1,473,1,0.574094951773,0,0,810,0.15458810468,58,1,0
3,632,1,0.372180103561,0,0,85,0.0151269925665,0,2,0
2,429,1,0.198296379807,0,0,182,0.0507486202231,0,3,0
3,1052,0,0.372180103561,8,2,778,0.135752559097,0,3,0
1,565,1,0.372180103561,0,0,817,0.0599142114094,0,1,0
3,301,1,0.311035951397,0,0,486,0.0154115752137,0,3,0
2,908,1,0.486408618314,0,0,304,0.0253743101115,0,3,0
1,685,0,0.611674808969,0,0,111,0.0506104278265,122,3,1
3,905,0,0.38619566579,0,0,527,0.0169486728455,0,3,1
3,570,1,0.373669046724,0,0,280,0.014110458666,0,1,0
3,1208,0,0.373669046724,1,1,425,0.0471376607072,0,3,0
2,972,1,0.423775522986,0,0,219,0.0253743101115,0,3,0
2,255,0,0.38619566579,1,1,761,0.0512365877252,0,3,1
1,207,1,0.13566328448,1,2,43,0.23422440103,61,3,1
3,1175,1,0.00313165476638,0,1,233,0.0166234913021,0,1,1
3,520,1,0.336089189528,0,0,465,0.0136142933098,0,3,1
3,598,1,0.38619566579,0,0,440,0.0151757893167,0,3,0
1,46,1,0.486408618314,0,0,15,0.0,16,3,0
3,962,0,0.223349617938,0,0,463,0.0151757893167,0,3,0
2,792,1,0.486408618314,0,0,205,0.0253743101115,0,3,0
1,222,0,0.411248903921,1,0,67,0.103644297456,174,3,1
3,17,1,0.323562570462,0,0,468,0.0153953746927,0,3,0
3,700,1,0.486408618314,0,0,714,0.0471376607072,0,3,0
2,1109,1,0.436302142052,0,0,303,0.0204946350901,0,3,0
3,32,0,0.0730301891519,4,2,459,0.0610447345184,0,3,0
3,1187,1,0.379932356257,0,0,588,0.0157125535691,0,3,0
1,419,1,0.372180103561,0,0,19,0.0,23,3,0
3,524,0,0.285982713266,0,0,916,0.015468569818,0,3,0
2,748,1,0.38619566579,1,1,841,0.0722273881715,0,1,0
3,552,1,0.536515094576,0,0,744,0.0125895615553,0,3,0
3,1102,1,0.123136665414,3,2,464,0.0544571732394,0,3,0
1,517,0,0.649254666166,1,1,86,0.182499845802,51,3,1
3,728,1,0.336089189528,0,0,362,0.0169080739493,0,3,1
1,988,1,0.473881999248,0,0,125,0.0,0,3,0
3,813,0,0.336089189528,0,1,669,0.024349578357,151,3,1
3,921,1,0.0229237128899,4,1,335,0.0774648409655,0,3,0
3,389,1,0.372180103561,0,0,616,0.0135654965596,0,2,0
3,672,1,0.372180103561,0,0,104,0.110272457631,0,3,0
2,747,1,0.0103970938244,0,2,841,0.0722273881715,0,1,1
3,768,1,0.372180103561,0,0,610,0.0151269925665,0,2,1
1,1145,0,0.774520856821,0,0,42,0.156149600686,31,0,1
3,1285,0,0.185769760742,1,0,253,0.028212719478,0,1,1
2,999,1,0.00826756858324,1,1,321,0.0365975626609,0,3,1
3,1040,1,0.372180103561,0,0,266,0.014110458666,0,1,0
3,73,1,0.285982713266,0,0,473,0.0153303774214,0,3,0
3,27,1,0.223349617938,0,0,139,0.0162005210712,0,3,0
1,256,0,0.486408618314,1,1,832,0.162314191735,165,1,1
3,930,1,0.260929475135,0,0,361,0.0169080739493,0,3,0
3,1096,1,0.372180103561,0,0,667,0.0157125535691,0,3,0
3,231,1,0.398722284855,0,0,104,0.110272457631,0,3,1
1,755,1,0.372180103561,0,0,79,0.0579705392548,89,1,1
3,18,1,0.248402856069,0,0,888,0.015468569818,0,3,0
2,829,1,0.198296379807,0,0,844,0.0204946350901,0,3,0
1,1077,0,0.373669046724,0,0,62,0.060507970266,0,1,1
3,695,1,0.430038832519,0,0,278,0.0125651631802,0,1,0
3,284,1,0.210822998873,0,0,354,0.0169080739493,0,3,0
3,0,1,0.52398847551,0,0,772,0.0147366185648,0,3,0
3,1053,1,0.372180103561,8,2,778,0.135752559097,0,3,0
3,756,1,0.436302142052,0,0,496,0.0154115752137,0,1,0
2,501,1,0.348615808593,0,1,207,0.0644117102832,0,3,0
1,448,0,0.372180103561,1,0,108,0.173919815619,113,1,1
3,31,1,0.0479769510209,4,2,459,0.0610447345184,0,3,0
3,1159,1,0.924840285607,0,0,437,0.0151757893167,0,3,0
3,138,0,0.110610046348,1,1,273,0.0297578197768,0,1,0
1,714,0,0.198296379807,0,1,809,0.0769036783381,128,3,1
2,210,0,0.549041713641,1,0,191,0.0507486202231,0,3,0
3,14,0,0.223349617938,0,1,666,0.0182499845802,0,3,1
1,1258,0,0.561568332707,1,1,626,0.321798367144,0,3,1
1,294,1,0.6367280471,0,0,33,0.0518221487278,152,3,1
3,81,0,0.298509332331,0,3,260,0.0375896981862,0,1,1
3,982,1,0.372180103561,0,0,237,0.014110458666,0,1,0
3,489,1,0.511461856445,2,0,546,0.0275375676421,0,3,0
2,439,1,0.260929475135,1,0,302,0.0224465050987,0,3,0
1,1164,0,0.599148189904,0,0,112,0.0506104278265,122,3,1
3,1051,0,0.372180103561,8,2,778,0.135752559097,0,3,0
2,442,1,0.298509332331,0,0,154,0.0253743101115,0,3,0
2,177,0,0.52398847551,0,0,161,0.0253743101115,0,3,1
2,356,0,0.336089189528,1,0,863,0.0270496001399,0,1,1
1,1013,1,0.38619566579,0,0,807,0.0985612375793,10,3,0
3,1306,1,0.372180103561,0,0,428,0.0185427650815,0,3,0
3,600,1,0.0479769510209,1,1,477,0.0217307543665,0,3,1
3,86,1,0.323562570462,0,0,531,0.0154115752137,0,3,0
1,111,0,0.586621570838,1,1,70,0.102578966805,132,3,1
1,202,1,0.411248903921,0,0,688,0.0097593500429,46,3,0
3,1213,1,0.586621570838,0,0,419,0.0175668300772,0,3,0
2,7,0,0.348615808593,1,0,789,0.0468448802059,0,1,1
3,839,0,0.185769760742,0,0,261,0.014102260812,0,1,1
3,474,1,0.248402856069,0,0,691,0.0192177217305,0,3,0
3,959,1,0.235876237004,0,0,495,0.0154115752137,0,3,0
3,670,1,0.372180103561,0,0,500,0.0154115752137,0,3,0
1,975,0,0.699361142428,0,1,75,0.162314191735,91,1,1
2,1083,0,0.311035951397,0,1,147,0.0507486202231,0,3,1
3,757,1,0.411248903921,0,0,540,0.0154115752137,0,3,0
3,290,0,0.2734560942,0,0,697,0.0205272313192,0,3,0
2,88,1,0.348615808593,0,0,774,0.0204946350901,0,3,0
3,1157,1,0.311035951397,0,0,891,0.0137606835605,0,3,0
3,997,0,0.486408618314,0,5,659,0.0568482139999,0,2,0
2,811,1,0.336089189528,0,0,130,0.0253743101115,0,3,0
1,464,0,0.235876237004,0,0,18,0.0585561002574,41,3,1
3,607,0,0.372180103561,1,2,923,0.0457713517012,0,3,0
1,113,1,0.323562570462,0,0,11,0.0585561002574,78,1,1
3,338,1,0.398722284855,0,0,642,0.0151269925665,0,2,0
